{
    "hyperparameters": {
        "datasets": [
            "kaggle_data",
            "new_data"
        ],
        "balance_datasets": false,
        "train_set_size": 1818,
        "val_set_size": 200,
        "n_epochs": 60,
        "seed": 123,
        "model": "unet",
        "loss_fn": "custom_bce_dice_mix",
        "frangi": true
    },
    "state": {
        "total_iterations": 1,
        "current_iteration": 1,
        "epoch": 8,
        "time_trained": 26.85668396949768
    },
    "metrics": {
        "loss": 0.12452316931203793,
        "val_loss": 0.13397748440504073,
        "acc": 0.9512210402049517,
        "val_acc": 0.9474545311927796,
        "patch_acc": 0.9456056659681755,
        "val_patch_acc": 0.9404687595367431,
        "f1": 0.8327644812433344,
        "val_f1": 0.8195389008522034
    }
}