{
    "hyperparameters": {
        "datasets": [
            "kaggle_data",
            "new_data"
        ],
        "balance_datasets": false,
        "train_set_size": 1818,
        "val_set_size": 200,
        "n_epochs": 60,
        "seed": 123,
        "model": "unet",
        "loss_fn": "bce",
        "frangi": false
    },
    "state": {
        "total_iterations": 1,
        "current_iteration": 1,
        "epoch": 11,
        "time_trained": 23.126096725463867
    },
    "metrics": {
        "loss": 0.09773638790571376,
        "val_loss": 0.12873361498117447,
        "acc": 0.9607538157387784,
        "val_acc": 0.9507714557647705,
        "patch_acc": 0.9577869982050177,
        "val_patch_acc": 0.9421093845367432,
        "f1": 0.8653337003891928,
        "val_f1": 0.827377827167511
    }
}