{
    "hyperparameters": {
        "datasets": [
            "kaggle_data",
            "new_data"
        ],
        "balance_datasets": false,
        "train_set_size": 1833,
        "val_set_size": 200,
        "n_epochs": 60,
        "seed": 123,
        "model": "unet",
        "loss_fn": "focal_dice_chi",
        "frangi": false
    },
    "state": {
        "total_iterations": 1,
        "current_iteration": 1,
        "epoch": 14,
        "time_trained": 27.912817001342773
    },
    "metrics": {
        "loss": 0.256628123379272,
        "val_loss": 0.29498986184597015,
        "acc": 0.9588879834050718,
        "val_acc": 0.9540799355506897,
        "patch_acc": 0.9552743870279063,
        "val_patch_acc": 0.9482552146911621,
        "f1": 0.8588311337906381,
        "val_f1": 0.8386357283592224
    }
}